username,password
user1,testpass1
user2,testpass2
user3,testpass3
user4,testpass4
user5,testpass5
user6,testpass6
user7,testpass7
user8,testpass8
user9,testpass9
user10,testpass10
user11,testpass11
user12,testpass12
user13,testpass13
user14,testpass14
user15,testpass15
user16,testpass16
user17,testpass17
user18,testpass18
user19,testpass19
user20,testpass20
user21,testpass21
user22,testpass22
user23,testpass23
user24,testpass24
user25,testpass25
user26,testpass26
user27,testpass27
user28,testpass28
user29,testpass29
user30,testpass30
user31,testpass31
user32,testpass32
user33,testpass33
user34,testpass34
user35,testpass35
user36,testpass36
user37,testpass37
user38,testpass38
user39,testpass39
user40,testpass40
user41,testpass41
user42,testpass42
user43,testpass43
user44,testpass44
user45,testpass45
user46,testpass46
user47,testpass47
user48,testpass48
user49,testpass49
user50,testpass50
user51,testpass51
user52,testpass52
user53,testpass53
user54,testpass54
user55,testpass55
user56,testpass56
user57,testpass57
user58,testpass58
user59,testpass59
user60,testpass60
user61,testpass61
user62,testpass62
user63,testpass63
user64,testpass64
user65,testpass65
user66,testpass66
user67,testpass67
user68,testpass68
user69,testpass69
user70,testpass70
user71,testpass71
user72,testpass72
user73,testpass73
user74,testpass74
user75,testpass75
user76,testpass76
user77,testpass77
user78,testpass78
user79,testpass79
user80,testpass80
user81,testpass81
user82,testpass82
user83,testpass83
user84,testpass84
user85,testpass85
user86,testpass86
user87,testpass87
user88,testpass88
user89,testpass89
user90,testpass90
user91,testpass91
user92,testpass92
user93,testpass93
user94,testpass94
user95,testpass95
user96,testpass96
user97,testpass97
user98,testpass98
user99,testpass99
user100,testpass100